Nom du livre (Hébreu),Nom du livre (Anglais),Lien de téléchargement vérifié,Catégorie,Auteur,Nombre de pages,Langue
עלים לתרופה,Alim Letrufah,https://breslovbooks.com/uploads/files/hebrew-alim-letrufa.pdf,Alim Letrufah,Rabbi Nachman de Breslov,1088.0,Hébreu
אשרנו,Ashreinu,https://breslovbooks.com/uploads/files/hebrew-ashranue1.pdf,Ashreinu,Rabbi Nachman de Breslov,367.0,Hébreu
מכתב מן השמים,A Letter From Heaven,https://breslovbooks.com/uploads/files/hebrew-pamphlet-letter-from-heaven.pdf,Brochures Hébraïques,Rabbi Nachman de Breslov,64.0,Hébreu
אזמרה,Azamra,https://breslovbooks.com/uploads/files/hebrew-azamra-15.pdf,Brochures Hébraïques,Rabbi Nachman de Breslov,,Hébreu
אמונה,Emuna,https://breslovbooks.com/uploads/files/hebrew-pamphlet-emuna.pdf,Brochures Hébraïques,Rabbi Nachman de Breslov,71.0,Hébreu
אשת חיל,Eyshet Chayal,https://breslovbooks.com/uploads/files/hebrew-pamphlet-eshet-chayil.pdf,Brochures Hébraïques,Rabbi Nachman de Breslov,64.0,Hébreu
המתקת דין,Hamtakas Din,https://breslovbooks.com/uploads/files/hebrew-pamphlet-hamtakat-din.pdf,Brochures Hébraïques,Rabbi Nachman de Breslov,64.0,Hébreu
מעלת ההדפסה,Maalas Hadpasa,https://breslovbooks.com/uploads/files/hebrew-pamphlet-maalas-hadpasa.pdf,Brochures Hébraïques,Rabbi Nachman de Breslov,64.0,Hébreu
שלום,Peace,https://breslovbooks.com/uploads/files/hebrew-pamphlet-peace.pdf,Brochures Hébraïques,Rabbi Nachman de Breslov,64.0,Hébreu
רבי,Rebbe,https://breslovbooks.com/uploads/files/hebrew-pamphlet-rebbe.pdf,Brochures Hébraïques,Rabbi Nachman de Breslov,64.0,Hébreu
רבי נחמן על ארץ ישראל,Rebbe Nachman on Israel,https://breslovbooks.com/uploads/files/hebrew-pamphlet-eretz-yisroel.pdf,Brochures Hébraïques,Rabbi Nachman de Breslov,64.0,Hébreu
שמחה,Simcha,https://breslovbooks.com/uploads/files/hebrew-pamphlet-simcha.pdf,Brochures Hébraïques,Rabbi Nachman de Breslov,64.0,Hébreu
תשובה,Teshuva,https://breslovbooks.com/uploads/files/hebrew-pamphlet-teshuva.pdf,Brochures Hébraïques,Rabbi Nachman de Breslov,64.0,Hébreu
תיקון חצות,Tikun Chatzos,https://breslovbooks.com/uploads/files/hebrew-pamphlet-tikkun-chatzot.pdf,Brochures Hébraïques,Rabbi Nachman de Breslov,64.0,Hébreu
אמת,Truth,https://breslovbooks.com/uploads/files/hebrew-pamphlet-emes.pdf,Brochures Hébraïques,Rabbi Nachman de Breslov,64.0,Hébreu
וידוי דברים,Viduy Divarim,https://breslovbooks.com/uploads/files/hebrew-pamphlet-viduy-divarim.pdf,Brochures Hébraïques,Rabbi Nachman de Breslov,64.0,Hébreu
חתונה,Wedding,https://breslovbooks.com/uploads/files/hebrew-pamphlet-chatunah.pdf,Brochures Hébraïques,Rabbi Nachman de Breslov,80.0,Hébreu
חלוקי הנחל,Chalukei Hanachal,https://breslovbooks.com/uploads/files/hebrew-pamphlet-chilukay-hanachal.pdf,Chalukei Hanachal,Rabbi Nachman de Breslov,24.0,Hébreu
"חיי מהר""ן",Chayei Moharan,https://breslovbooks.com/uploads/files/hebrew-chayi-maharan-version2.pdf,Chayei Moharan,Rabbi Nathan de Breslov,640.0,Hébreu
עצות המבוארות,Eitzos Mevu'aros,https://breslovbooks.com/uploads/files/hebrew-eitzot-hamevoarot.pdf,Eitzos Mevu'aros,Rabbi Nachman de Breslov,384.0,Hébreu
עצות ישרות,Eitzos Yesharos,https://breslovbooks.com/uploads/files/hebrew-eitzos-yisharos.pdf,Eitzos Yesharos,Rabbi Nachman de Breslov,256.0,Hébreu
קנאת ה' צבאות,Kinat Hashem Tzva'os,https://breslovbooks.com/uploads/files/hebrew-kinat-hashem-tzivakos.pdf,Hebrew Books,Rabbi Nachman de Breslov,192.0,Hébreu
קונטרס הצירופים,Kuntress Hatzirufim,https://breslovbooks.com/uploads/files/hebrew-kuntress-hatzirufim.pdf,Hebrew Books,Rabbi Nachman de Breslov,48.0,Hébreu
אור האורות,Ohr Ha'oros,https://breslovbooks.com/uploads/files/hebrew-ohr-haorot.pdf,Hebrew Books,Rabbi Nachman de Breslov,288.0,Hébreu
השתפכות הנפש,Outpouring of the Soul,https://breslovbooks.com/uploads/files/hebrew-hishtapchus-hanefesh.pdf,Hishtapchs HaNefesh,Rabbi Nachman de Breslov,242.0,Hébreu
כוכבי אור,Kochvei Ohr,https://breslovbooks.com/uploads/files/hebrew-kochvay-ohr-personal-use-only.pdf,Kochvei Ohr,Rabbi Nachman de Breslov,480.0,Hébreu
לקוטי עצות,Likutey Eitzos,https://breslovbooks.com/uploads/files/hebrew-likutay-eitzot.pdf,Likutey Eitzos,Rabbi Nachman de Breslov,576.0,Hébreu
ליקוטי הלכות,Likutey Halachos,https://breslovbooks.com/uploads/files/likutay-halachos-part1.pdf,Likutey Halachos,Rabbi Nathan de Breslov,,Hébreu
עוד ספר קיצור לקוטי מוהר''ן,Another Kitzur Likutey Moharan Book,https://breslovbooks.com/uploads/files/hebrew-kitzur-likutay-maharan-2.pdf,Likutey Moharan,Rabbi Nachman de Breslov,416.0,Hébreu
"קצור לקוטי מהר""ן",Kitzur Likutey Moharan,https://breslovbooks.com/uploads/files/hebrew-kitzur-likutay-maharan.pdf,Likutey Moharan,Rabbi Nachman de Breslov,383.0,Hébreu
"לקוטי מהר""ן השלם עם תרגום אר...",Likutey Moharan The Complete with Aramaic Translation,https://breslovbooks.com/uploads/files/hebrew-likutey-moharan-full.pdf,Likutey Moharan,Rabbi Nachman de Breslov,1440.0,Hébreu
"ליקוטי מוהר""ן חלק ב",Likutey Moharan Vol. 2,https://breslovbooks.com/uploads/files/hebrew-likutey-moharan-tanina.pdf,Likutey Moharan,Rabbi Nachman de Breslov,93.0,Hébreu
"ליקוטי מוהר""ן חלק א",Likutey Moharan Volume 1,https://breslovbooks.com/uploads/files/hebrew-likutey-moharan-kamah.pdf,Likutey Moharan,Rabbi Nachman de Breslov,254.0,Hébreu
לקוטי תפילות,Likutey Tefilos,https://breslovbooks.com/uploads/files/hebrew-likutay-tefilos.pdf,Likutey Tefilos,Rabbi Nathan de Breslov,1152.0,Hébreu
מגלת קהלת,Megilat Koheles,https://breslovbooks.com/uploads/files/hebrew-kohelet-likutay-halachos.pdf,Megilat Koheles,Rabbi Nachman de Breslov,352.0,Hébreu
משיבת נפש,Meshivas Nefesh,https://breslovbooks.com/uploads/files/hebrew-mishivas-nefesh.pdf,Meshivas Nefesh,Rabbi Nachman de Breslov,224.0,Hébreu
ספר המידות,Sefer Hamidos,https://breslovbooks.com/uploads/files/hebrew-sefer-hamedos-(1).pdf,Sefer Hamidos,Rabbi Nachman de Breslov,320.0,Hébreu
שמות הצדיקים,Shemos Hatzadikim,https://breslovbooks.com/uploads/files/hebrew-shemot-hatzadikim.pdf,Shemos Hatzadikim,Rabbi Nachman de Breslov,72.0,Hébreu
שבחי ושיחות הר''ן,Shivchay & Sichos Haran,https://breslovbooks.com/uploads/files/hebrew-shivchay-and-sichos-haran.pdf,Shivchay & Sichos Haran,Rabbi Nathan de Breslov,446.0,Hébreu
"סידור ברסלב שחרית כולל תיקון הכללי, תיקון חצות ועוד","Siddur Breslov Shacharis including Tikkun HaKlali, Tikkun Chatzos and more",https://breslovbooks.com/uploads/files/hebrew-breslov-siddur-shacharis.pdf,Siddur,Rabbi Nachman de Breslov,256.0,Hébreu
עוד ספורי מעשיות,More Stories,https://breslovbooks.com/uploads/files/hebrew-siporay-masiyos-version6.pdf,Siporay Masiyos,Rabbi Nachman de Breslov,448.0,Hébreu
"ספורי מעשיות עם י""ג ספורים ק...",Siporay Masiyos,https://breslovbooks.com/uploads/files/hebrew-siporay-masiyos-version2.pdf,Siporay Masiyos,Rabbi Nachman de Breslov,368.0,Hébreu
ספורי מעשיות ועוד משלים וספ...,Stories and More Parables and Stories,https://breslovbooks.com/uploads/files/hebrew-siporay-masiyos.pdf,Siporay Masiyos,Rabbi Nachman de Breslov,480.0,Hébreu
משלים וסיפורים (לשמוש פרטי ...),Stories and Parables (For Personal Use Only),https://breslovbooks.com/uploads/files/hebrew-siporim-umishalim.pdf,Siporay Masiyos,Rabbi Nachman de Breslov,453.0,Hébreu
ספר ספורי מעשיות- רק הספורי...,Stories of Our Sages - Only the Stories...,https://breslovbooks.com/uploads/files/hebrew-siporay-masiyos-version4.pdf,Siporay Masiyos,Rabbi Nachman de Breslov,350.0,Hébreu
ספורי מעשיות,Stories of Rabbi Nachman,https://breslovbooks.com/uploads/files/hebrew-siporay-masiyos-version3.pdf,Siporay Masiyos,Rabbi Nachman de Breslov,348.0,Hébreu
תיקון הכללי,Tikkun Haklali,https://breslovbooks.com/uploads/files/english-tikkun-haklali.pdf,Tikkun HaKlali,Rabbi Nachman de Breslov,25.0,Hébreu
תורות ותפילות,Torahs Utefilos,https://breslovbooks.com/uploads/files/hebrew-torah-utefila-2.pdf,Torahs Utefilos,Rabbi Nathan de Breslov,928.0,Hébreu
ימי מוהרנ''ת - ימי התלאות,Yimay Maharant - Yimay Hatlaos,https://breslovbooks.com/uploads/files/hebrew-yemay-mornat-yemay-hatalos.pdf,Yimay Maharant,Rabbi Nachman de Breslov,512.0,Hébreu
