Titre du Livre,Lien de Téléchargement,Catégorie
"ליקוטי מוהר""ן חלק ב",https://breslovbooks.com/uploads/files/hebrew-likutey-moharan-part2.pdf,Hebrew Books - Likutey Moharan
"ליקוטי מוהר""ן חלק א",https://breslovbooks.com/uploads/files/hebrew-likutey-moharan-part1.pdf,Hebrew Books - Likutey Moharan
"לקוטי מהר""ן השלם עם תרגום אר...",https://breslovbooks.com/uploads/files/hebrew-likutey-moharan-aramaic.pdf,Hebrew Books - Likutey Moharan
"קצור לקוטי מהר""ן",https://breslovbooks.com/uploads/files/hebrew-kitzur-likutey-moharan.pdf,Hebrew Books - Likutey Moharan
עוד ספר קיצור לקוטי מוהר'ן,https://breslovbooks.com/uploads/files/hebrew-kitzur-likutey-moharan-2.pdf,Uncategorized
שבחי ושיחות הר'ן,https://breslovbooks.com/uploads/files/hebrew-shivchey-haran.pdf,Uncategorized
ספורי מעשיות,https://breslovbooks.com/uploads/files/hebrew-sipurey-maasiyot.pdf,Hebrew Books - Sipurey Maasiyot
ספורי מעשיות עם ציורים,https://breslovbooks.com/uploads/files/hebrew-sipurey-maasiyot-pictures.pdf,Hebrew Books - Sipurey Maasiyot
ליקוטי תפילות,https://breslovbooks.com/uploads/files/hebrew-likutey-tefilot.pdf,Hebrew Books - Likutey Tefilot
"חיי מוהר""ן",https://breslovbooks.com/uploads/files/hebrew-chayei-moharan.pdf,Hebrew Books - Chayei Moharan
ספר המידות השלם,https://breslovbooks.com/uploads/files/hebrew-sefer-hamidot.pdf,Hebrew Books - Sefer Hamidot
ספר המידות הקצר,https://breslovbooks.com/uploads/files/hebrew-sefer-hamidot-short.pdf,Hebrew Books - Sefer Hamidot
ליקוטי הלכות - כל הסט,https://breslovbooks.com/uploads/files/hebrew-likutey-halachot-all.pdf,Hebrew Books - Likutey Halachot
ימי מוהרנ'ת - ימי התלאות,https://breslovbooks.com/uploads/files/hebrew-yemey-maharnat.pdf,Uncategorized
לקוטי עצות,https://breslovbooks.com/uploads/files/hebrew-likutey-eitzot.pdf,Hebrew Books - Likutey Eitzot
עלים לתרופה,https://breslovbooks.com/uploads/files/hebrew-alim-letrufa.pdf,Hebrew Books - Alim Letrufa
משיבת נפש,https://breslovbooks.com/uploads/files/hebrew-meshivat-nefesh.pdf,Hebrew Books - Meshivat Nefesh
השתפכות הנפש,https://breslovbooks.com/uploads/files/hebrew-hishtapchut-hanefesh.pdf,Hebrew Books - Hishtapchut HaNefesh
שמות הצדיקים,https://breslovbooks.com/uploads/files/hebrew-shemot-hatzadikim.pdf,Hebrew Books - Shemot Hatzadikim
תורות ותפילות,https://breslovbooks.com/uploads/files/hebrew-torot-utefilot.pdf,Hebrew Books - Torot Utefilot
כוכבי אור,https://breslovbooks.com/uploads/files/hebrew-kochvei-ohr.pdf,Hebrew Books - Kochvei Ohr
עצות המבוארות - כל הסט,https://breslovbooks.com/uploads/files/hebrew-eitzot-hamevoarot.pdf,Hebrew Books - Eitzot Hamevoarot
עצות ישרות - כל הסט,https://breslovbooks.com/uploads/files/hebrew-eitzot-yesharot.pdf,Hebrew Books - Eitzot Yesharot
קנאת ה' צבאות,https://breslovbooks.com/uploads/files/hebrew-kinat-hashem.pdf,Uncategorized
אבי הנחל,https://breslovbooks.com/uploads/files/hebrew-ibei-hanachal.pdf,Hebrew Books - Ibei Hanachal
תיקון הכללי,https://breslovbooks.com/uploads/files/hebrew-tikkun-haklali.pdf,Hebrew Books - Tikkun HaKlali
סידור,https://breslovbooks.com/uploads/files/hebrew-siddur.pdf,Hebrew Books - Siddur
חלוקי הנחל,https://breslovbooks.com/uploads/files/hebrew-chalukei-hanachal.pdf,Hebrew Books - Chalukei Hanachal
תיקון חצות,https://breslovbooks.com/uploads/files/hebrew-tikun-chatzot.pdf,Hebrew Books - Tikun Chatzot
מגלת קהלת,https://breslovbooks.com/uploads/files/hebrew-megilat-kohelet.pdf,Hebrew Books - Megilat Kohelet
קונטרס הצירופים,https://breslovbooks.com/uploads/files/hebrew-kuntress-hatzirufim.pdf,Hebrew Books - Kuntress Hatzirufim
אור האורות,https://breslovbooks.com/uploads/files/hebrew-ohr-haorot.pdf,Hebrew Books - Ohr HaOrot
אשרנו,https://breslovbooks.com/uploads/files/hebrew-ashreinu.pdf,Hebrew Books - Ashreinu
רבי,https://breslovbooks.com/uploads/files/hebrew-pamphlet-rebbe.pdf,Hebrew Pamphlets
שמחה,https://breslovbooks.com/uploads/files/hebrew-pamphlet-simcha.pdf,Hebrew Pamphlets
וידוי דברים,https://breslovbooks.com/uploads/files/hebrew-pamphlet-viduy-dvarim.pdf,Hebrew Pamphlets
המתקת דין,https://breslovbooks.com/uploads/files/hebrew-pamphlet-hamtakat-din.pdf,Hebrew Pamphlets
תשובה,https://breslovbooks.com/uploads/files/hebrew-pamphlet-teshuva.pdf,Hebrew Pamphlets
אזמרה,https://breslovbooks.com/uploads/files/hebrew-pamphlet-azamra.pdf,Hebrew Pamphlets
אמונה,https://breslovbooks.com/uploads/files/hebrew-pamphlet-emuna.pdf,Hebrew Pamphlets
חתונה,https://breslovbooks.com/uploads/files/hebrew-pamphlet-chatuna.pdf,Hebrew Pamphlets
מכתב מן השמים,https://breslovbooks.com/uploads/files/hebrew-pamphlet-michtav.pdf,Hebrew Pamphlets
רבי נחמן על ארץ ישראל,https://breslovbooks.com/uploads/files/hebrew-pamphlet-israel.pdf,Hebrew Pamphlets
מעלת ההדפסה,https://breslovbooks.com/uploads/files/hebrew-pamphlet-hadpasa.pdf,Hebrew Pamphlets
אמת,https://breslovbooks.com/uploads/files/hebrew-pamphlet-truth.pdf,Hebrew Pamphlets
שלום,https://breslovbooks.com/uploads/files/hebrew-pamphlet-peace.pdf,Hebrew Pamphlets
אשת חיל,https://breslovbooks.com/uploads/files/hebrew-pamphlet-eyshet-chayil.pdf,Hebrew Pamphlets
The True Tzadik,https://breslovbooks.com/uploads/files/english-the-true-tzaddik.pdf,English Books & Pamphlets
Tikkun Haklali,https://breslovbooks.com/uploads/files/english-tikkun-haklali.pdf,English Books & Pamphlets
Holy Nation on Shmiras Habris,https://breslovbooks.com/uploads/files/english-holy-nation-pamphlet.pdf,English Books & Pamphlets
Ongoing project - Likutay Eitzot: Current Draft,https://breslovbooks.com/uploads/files/english-likutei-etzot.pdf,English Books & Pamphlets
